score_id,target,function,ZeroRule
1,iris,F1Score,0.06289731682146543
2, ,Accuracy,0.1866666666666667
3,sonar,F1Score,0.37895863044516775
4, ,Accuracy,0.5336538461538461
5,glass,F1Score,0.15767948719852706
6, ,Accuracy,0.3130841121495328
7,airfoil_self_noise,R2Score,-0.007200090058511043
8, ,MeanSquared,47.623142750736704
9,winequality-red,R2Score,-0.004997806084370732
10, ,MeanSquared,0.6523868842658066
11,winequality-white,R2Score,-0.0015367123081036658
12, ,MeanSquared,0.7844268585636898
